file,classes,window_ms,sampling_khz,samples_per_window_expected,size_bytes,yTrain_shape,yTest_shape,labelsTrain_shape,labelsTest_shape,train_records,samples_per_record,train_unique_labels,test_unique_labels,labelappliances_present
dataset_14classes_10ms_100kHz.mat,14,10,100,1000,19762696,"(2673, 1000)","(2672, 1000)","(2673, 1)","(2672, 1)",2673,1000,"0,1,2,3,4,5,6,7,8,9,10,11,12,13","0,1,2,3,4,5,6,7,8,9,10,11,12,13",True
dataset_14classes_10ms_10kHz.mat,14,10,10,100,1975842,"(2673, 100)","(2672, 100)","(2673, 1)","(2672, 1)",2673,100,"0,1,2,3,4,5,6,7,8,9,10,11,12,13","0,1,2,3,4,5,6,7,8,9,10,11,12,13",True
dataset_14classes_10ms_20kHz.mat,14,10,20,200,3952283,"(2673, 200)","(2672, 200)","(2673, 1)","(2672, 1)",2673,200,"0,1,2,3,4,5,6,7,8,9,10,11,12,13","0,1,2,3,4,5,6,7,8,9,10,11,12,13",True
dataset_14classes_10ms_50kHz.mat,14,10,50,500,9879456,"(2673, 500)","(2672, 500)","(2673, 1)","(2672, 1)",2673,500,"0,1,2,3,4,5,6,7,8,9,10,11,12,13","0,1,2,3,4,5,6,7,8,9,10,11,12,13",True
dataset_14classes_20ms_100kHz.mat,14,20,100,2000,19751503,"(1334, 2000)","(1334, 2000)","(1334, 1)","(1334, 1)",1334,2000,"0,1,2,3,4,5,6,7,8,9,10,11,12,13","0,1,2,3,4,5,6,7,8,9,10,11,12,13",True
dataset_14classes_20ms_10kHz.mat,14,20,10,200,1975542,"(1334, 200)","(1334, 200)","(1334, 1)","(1334, 1)",1334,200,"0,1,2,3,4,5,6,7,8,9,10,11,12,13","0,1,2,3,4,5,6,7,8,9,10,11,12,13",True
dataset_14classes_20ms_20kHz.mat,14,20,20,400,3950808,"(1334, 400)","(1334, 400)","(1334, 1)","(1334, 1)",1334,400,"0,1,2,3,4,5,6,7,8,9,10,11,12,13","0,1,2,3,4,5,6,7,8,9,10,11,12,13",True
dataset_14classes_20ms_50kHz.mat,14,20,50,1000,9874952,"(1334, 1000)","(1334, 1000)","(1334, 1)","(1334, 1)",1334,1000,"0,1,2,3,4,5,6,7,8,9,10,11,12,13","0,1,2,3,4,5,6,7,8,9,10,11,12,13",True
dataset_14classes_50ms_100kHz.mat,14,50,100,5000,19699486,"(532, 5000)","(532, 5000)","(532, 1)","(532, 1)",532,5000,"0,1,2,3,4,5,6,7,8,9,10,11,12,13","0,1,2,3,4,5,6,7,8,9,10,11,12,13",True
dataset_14classes_50ms_10kHz.mat,14,50,10,500,1971119,"(532, 500)","(532, 500)","(532, 1)","(532, 1)",532,500,"0,1,2,3,4,5,6,7,8,9,10,11,12,13","0,1,2,3,4,5,6,7,8,9,10,11,12,13",True
dataset_14classes_50ms_20kHz.mat,14,50,20,1000,3941082,"(532, 1000)","(532, 1000)","(532, 1)","(532, 1)",532,1000,"0,1,2,3,4,5,6,7,8,9,10,11,12,13","0,1,2,3,4,5,6,7,8,9,10,11,12,13",True
dataset_14classes_50ms_50kHz.mat,14,50,50,2500,9849497,"(532, 2500)","(532, 2500)","(532, 1)","(532, 1)",532,2500,"0,1,2,3,4,5,6,7,8,9,10,11,12,13","0,1,2,3,4,5,6,7,8,9,10,11,12,13",True
dataset_14classes_5ms_100kHz.mat,14,5,100,500,19686288,"(5346, 500)","(5346, 500)","(5346, 1)","(5346, 1)",5346,500,"0,1,2,3,4,5,6,7,8,9,10,11,12,13","0,1,2,3,4,5,6,7,8,9,10,11,12,13",True
dataset_14classes_5ms_10kHz.mat,14,5,10,50,1968060,"(5346, 50)","(5346, 50)","(5346, 1)","(5346, 1)",5346,50,"0,1,2,3,4,5,6,7,8,9,10,11,12,13","0,1,2,3,4,5,6,7,8,9,10,11,12,13",True
dataset_14classes_5ms_20kHz.mat,14,5,20,100,3936959,"(5346, 100)","(5346, 100)","(5346, 1)","(5346, 1)",5346,100,"0,1,2,3,4,5,6,7,8,9,10,11,12,13","0,1,2,3,4,5,6,7,8,9,10,11,12,13",True
dataset_14classes_5ms_50kHz.mat,14,5,50,250,9840994,"(5346, 250)","(5346, 250)","(5346, 1)","(5346, 1)",5346,250,"0,1,2,3,4,5,6,7,8,9,10,11,12,13","0,1,2,3,4,5,6,7,8,9,10,11,12,13",True
dataset_2classes_10ms_100kHz.mat,2,10,100,1000,19762666,"(2673, 1000)","(2672, 1000)","(2673, 1)","(2672, 1)",2673,1000,"0,1","0,1",True
dataset_2classes_10ms_10kHz.mat,2,10,10,100,1975812,"(2673, 100)","(2672, 100)","(2673, 1)","(2672, 1)",2673,100,"0,1","0,1",True
dataset_2classes_10ms_20kHz.mat,2,10,20,200,3952253,"(2673, 200)","(2672, 200)","(2673, 1)","(2672, 1)",2673,200,"0,1","0,1",True
dataset_2classes_10ms_50kHz.mat,2,10,50,500,9879426,"(2673, 500)","(2672, 500)","(2673, 1)","(2672, 1)",2673,500,"0,1","0,1",True
dataset_2classes_20ms_100kHz.mat,2,20,100,2000,19751441,"(1334, 2000)","(1334, 2000)","(1334, 1)","(1334, 1)",1334,2000,"0,1","0,1",True
dataset_2classes_20ms_10kHz.mat,2,20,10,200,1975480,"(1334, 200)","(1334, 200)","(1334, 1)","(1334, 1)",1334,200,"0,1","0,1",True
dataset_2classes_20ms_20kHz.mat,2,20,20,400,3950746,"(1334, 400)","(1334, 400)","(1334, 1)","(1334, 1)",1334,400,"0,1","0,1",True
dataset_2classes_20ms_50kHz.mat,2,20,50,1000,9874890,"(1334, 1000)","(1334, 1000)","(1334, 1)","(1334, 1)",1334,1000,"0,1","0,1",True
dataset_2classes_50ms_100kHz.mat,2,50,100,5000,19699434,"(532, 5000)","(532, 5000)","(532, 1)","(532, 1)",532,5000,"0,1","0,1",True
dataset_2classes_50ms_10kHz.mat,2,50,10,500,1971067,"(532, 500)","(532, 500)","(532, 1)","(532, 1)",532,500,"0,1","0,1",True
dataset_2classes_50ms_20kHz.mat,2,50,20,1000,3941030,"(532, 1000)","(532, 1000)","(532, 1)","(532, 1)",532,1000,"0,1","0,1",True
dataset_2classes_50ms_50kHz.mat,2,50,50,2500,9849445,"(532, 2500)","(532, 2500)","(532, 1)","(532, 1)",532,2500,"0,1","0,1",True
dataset_2classes_5ms_100kHz.mat,2,5,100,500,19686266,"(5346, 500)","(5346, 500)","(5346, 1)","(5346, 1)",5346,500,"0,1","0,1",True
dataset_2classes_5ms_10kHz.mat,2,5,10,50,1968038,"(5346, 50)","(5346, 50)","(5346, 1)","(5346, 1)",5346,50,"0,1","0,1",True
dataset_2classes_5ms_20kHz.mat,2,5,20,100,3936937,"(5346, 100)","(5346, 100)","(5346, 1)","(5346, 1)",5346,100,"0,1","0,1",True
dataset_2classes_5ms_50kHz.mat,2,5,50,250,9840972,"(5346, 250)","(5346, 250)","(5346, 1)","(5346, 1)",5346,250,"0,1","0,1",True
dataset_5classes_10ms_100kHz.mat,5,10,100,1000,19762675,"(2673, 1000)","(2672, 1000)","(2673, 1)","(2672, 1)",2673,1000,"0,1,2,3,4","0,1,2,3,4",True
dataset_5classes_10ms_10kHz.mat,5,10,10,100,1975821,"(2673, 100)","(2672, 100)","(2673, 1)","(2672, 1)",2673,100,"0,1,2,3,4","0,1,2,3,4",True
dataset_5classes_10ms_20kHz.mat,5,10,20,200,3952262,"(2673, 200)","(2672, 200)","(2673, 1)","(2672, 1)",2673,200,"0,1,2,3,4","0,1,2,3,4",True
dataset_5classes_10ms_50kHz.mat,5,10,50,500,9879435,"(2673, 500)","(2672, 500)","(2673, 1)","(2672, 1)",2673,500,"0,1,2,3,4","0,1,2,3,4",True
dataset_5classes_20ms_100kHz.mat,5,20,100,2000,19751475,"(1334, 2000)","(1334, 2000)","(1334, 1)","(1334, 1)",1334,2000,"0,1,2,3,4","0,1,2,3,4",True
dataset_5classes_20ms_10kHz.mat,5,20,10,200,1975514,"(1334, 200)","(1334, 200)","(1334, 1)","(1334, 1)",1334,200,"0,1,2,3,4","0,1,2,3,4",True
dataset_5classes_20ms_20kHz.mat,5,20,20,400,3950780,"(1334, 400)","(1334, 400)","(1334, 1)","(1334, 1)",1334,400,"0,1,2,3,4","0,1,2,3,4",True
dataset_5classes_20ms_50kHz.mat,5,20,50,1000,9874924,"(1334, 1000)","(1334, 1000)","(1334, 1)","(1334, 1)",1334,1000,"0,1,2,3,4","0,1,2,3,4",True
dataset_5classes_50ms_100kHz.mat,5,50,100,5000,19699463,"(532, 5000)","(532, 5000)","(532, 1)","(532, 1)",532,5000,"0,1,2,3,4","0,1,2,3,4",True
dataset_5classes_50ms_10kHz.mat,5,50,10,500,1971096,"(532, 500)","(532, 500)","(532, 1)","(532, 1)",532,500,"0,1,2,3,4","0,1,2,3,4",True
dataset_5classes_50ms_20kHz.mat,5,50,20,1000,3941059,"(532, 1000)","(532, 1000)","(532, 1)","(532, 1)",532,1000,"0,1,2,3,4","0,1,2,3,4",True
dataset_5classes_50ms_50kHz.mat,5,50,50,2500,9849474,"(532, 2500)","(532, 2500)","(532, 1)","(532, 1)",532,2500,"0,1,2,3,4","0,1,2,3,4",True
dataset_5classes_5ms_100kHz.mat,5,5,100,500,19686290,"(5346, 500)","(5346, 500)","(5346, 1)","(5346, 1)",5346,500,"0,1,2,3,4","0,1,2,3,4",True
dataset_5classes_5ms_10kHz.mat,5,5,10,50,1968062,"(5346, 50)","(5346, 50)","(5346, 1)","(5346, 1)",5346,50,"0,1,2,3,4","0,1,2,3,4",True
dataset_5classes_5ms_20kHz.mat,5,5,20,100,3936961,"(5346, 100)","(5346, 100)","(5346, 1)","(5346, 1)",5346,100,"0,1,2,3,4","0,1,2,3,4",True
dataset_5classes_5ms_50kHz.mat,5,5,50,250,9840996,"(5346, 250)","(5346, 250)","(5346, 1)","(5346, 1)",5346,250,"0,1,2,3,4","0,1,2,3,4",True
