row,test_index,label,class,p_clean,p_quant
0,942,0,0,0.0025631596493532072,0.006054194504313567
1,1035,0,0,0.005004293933225497,0.007475807289714216
2,796,0,0,0.00042865475376580226,0.0004400256877916695
3,1315,0,0,0.06627708231733168,0.095059002099074
4,994,0,0,0.04572092635661838,0.07332980180016026
5,353,0,0,0.0024578372127629154,0.0034921984935475854
6,1262,0,0,0.3201265372771073,0.3201265372771073
7,622,0,0,1.1718046295357351e-06,2.1514327922555327e-06
8,1177,0,0,0.002319606343597655,0.0034659781956315762
9,460,0,0,0.00045597000823847586,0.0006926939279171256
10,856,0,0,0.014187149281677849,0.017504189294193447
11,321,0,0,0.3201265372771073,0.3201265372771073
12,1217,0,0,0.0031579436898102786,0.0030562260782832683
13,13,0,0,0.005815995766867043,0.006634182611195555
14,1065,0,0,0.03238187868190359,0.05197497130998592
15,690,0,0,4.345845575586091e-06,5.714975944334575e-06
16,28,0,0,0.006068582771156979,0.006878546187343929
17,704,0,0,5.975999912430734e-06,6.072525138262619e-06
18,953,0,0,0.0021127972960089327,0.0025220096360624718
19,332,0,0,0.3201265372771073,0.3201265372771073
20,197,0,0,0.0004722615379340314,0.0006276400032738396
21,819,0,0,0.0010469522096983063,0.0013184245982835914
22,92,0,0,0.3201265372771073,0.3201265372771073
23,790,0,0,0.00048251211047738553,0.0006317223613339091
24,741,0,0,3.17472635931847e-06,4.064393639025696e-06
25,1077,0,0,0.011564359908654627,0.014781723077924878
26,2,0,0,0.0005370415702664828,0.0005962517107400068
27,623,0,0,2.1557724093327797e-06,2.669285143300059e-06
28,34,0,0,0.005698326617427498,0.00624941768781981
29,1104,0,0,1.3513173035752445e-06,1.6774331945411579e-06
30,61,1,1,0.3201265372771073,0.3201265372771073
31,55,1,1,0.3201265372771073,0.3201265372771073
32,57,1,1,0.3201265372771073,0.3201265372771073
33,163,1,2,1.0,1.0
34,142,1,2,1.0,1.0
35,159,1,2,1.0,1.0
36,228,1,3,0.9999761084222443,0.9999775104215378
37,279,1,3,0.9999449600096579,0.9999558287283572
38,230,1,3,0.9999972561867342,0.9999977958494446
39,398,1,4,1.0,1.0
40,420,1,4,1.0,1.0
41,382,1,4,1.0,1.0
42,482,1,5,1.0,1.0
43,479,1,5,1.0,1.0
44,472,1,5,1.0,1.0
45,593,1,6,0.7543788017418847,0.708921568601298
46,571,1,6,0.9338190698470077,0.9562290834199278
47,588,1,6,0.7647830713449862,0.8553902141435854
48,665,1,7,0.9991872410784166,0.9992121853909331
49,683,1,7,0.9999641927765804,0.9999702620020758
50,666,1,7,0.9999565525079481,0.9999605218282456
51,765,1,8,0.9759003039081677,0.9784461557133342
52,748,1,8,0.9935123188129016,0.993606056369322
53,767,1,8,0.9999617951747692,0.9999655071135531
54,813,1,9,1.0,1.0
55,840,1,9,1.0,1.0
56,835,1,9,1.0,1.0
57,889,1,10,0.3201265372771073,0.3201265372771073
58,964,1,10,1.0,1.0
59,925,1,10,0.3201265372771073,0.3201265372771073
60,1050,1,11,1.0,1.0
61,1027,1,11,1.0,1.0
62,1021,1,11,1.0,1.0
63,1208,1,12,1.0,1.0
64,1227,1,12,1.0,1.0
65,1233,1,12,0.9999998993257578,0.9999999642693967
66,1317,1,13,0.9998081811739249,0.9999085109021827
67,1291,1,13,0.9987376814421778,0.9993162722063899
68,1302,1,13,0.9999999511936154,0.9999999721453835
